feature,flutter_file,method,endpoint,path_parameters,query_parameters,request_body,success_status,response_shape,handled_errors,authentication,pagination,media,realtime,legacy_route_file,legacy_controller,legacy_service,legacy_models,classification,confidence,notes
auth_bridge,lib/core/auth/auth_controller.dart,GET,/api/v1/auth/me,none,none,none,200,"body.user or body.data or raw body",409 (identity conflict),required,none,no,no,modules/auth/auth.routes.ts,auth.controller.getProfile,UNKNOWN,"UserAuth;UserCentralAuthLink;UserProfile",KEEP_COMPATIBLE,CONFIRMED,"Only Furtail-API-owned step in the auth flow; JIT-provisions local user from Central Auth identity"
profile,lib/features/profile/data/profile_service.dart,GET,/api/v1/user/me,none,none,none,200 (404 fallback),data.*,404,required,none,no,no,modules/profile/profile.routes.ts,profile.controller.getMyProfile,UNKNOWN,UserProfile,KEEP_COMPATIBLE,CONFIRMED,"Hardcoded literal not via ApiEndpoints class"
profile,lib/features/profile/data/profile_service.dart,GET,/api/v1/user/profile,none,none,none,200,data.*,none,required,none,no,no,modules/profile/profile.routes.ts,profile.controller,UNKNOWN,UserProfile,KEEP_COMPATIBLE,CONFIRMED,"404 fallback path for /user/me"
profile,lib/features/profile/data/profile_service.dart,PATCH,/api/v1/user/me,none,none,"displayName;username;bio;visibility;showEmail;showPhone;avatarMediaId;coverMediaId;email;phone",200,data.*,none,required,none,no,no,modules/profile/profile.routes.ts,profile.controller.updateMyProfile,UNKNOWN,UserProfile,KEEP_COMPATIBLE,CONFIRMED,"Client caches avatar/cover cache-bust timestamps locally after success"
profile,lib/features/profile/data/profile_service.dart,POST,/api/v1/media/upload,none,none,"multipart field: file",200,data.id,none,required,none,yes,no,modules/media/media.routes.ts,media.controller,UNKNOWN,"Media;MediaVariant",KEEP_COMPATIBLE,CONFIRMED,"Returns media id used as avatar/cover reference"
profile,lib/core/network/api_endpoints.dart:34-35,GET/PATCH,${ApiConfig.userApi}/profile,none,none,unknown,unknown,unknown,unknown,required,none,no,no,unknown,unknown,unknown,unknown,LEGACY_UNUSED,CONFIRMED,"Defined constant with no confirmed caller; live profile calls bypass this via hardcoded /user/me literal instead"
profile,lib/services/social_service.dart,GET,/api/v1/user/{userId},userId,none,none,200,"full profile map",none,required (implied),none,no,no,modules/profile/profile.routes.ts,profile.controller,UNKNOWN,UserProfile,KEEP_COMPATIBLE,PARTIAL,"Visitor profile by id; auth requirement not individually re-verified"
profile,lib/services/social_service.dart,GET,/api/v1/user/by-username/{username},username,none,none,200,"full profile map",none,required,none,no,no,modules/profile/profile.routes.ts,profile.controller,UNKNOWN,UserProfile,KEEP_COMPATIBLE,PARTIAL,"Visitor profile by username"
profile,lib/services/social_service.dart,GET,/api/v1/social/status/{userId},userId,none,none,200,"data.isFollowing;isLiked;isFriend;outgoingRequestId;incomingRequestId",none,required,none,no,no,modules/social/social.routes.ts,social.controller,UNKNOWN,"UserFollow;UserProfileLike;UserFriendRequest;UserFriend",KEEP_COMPATIBLE,CONFIRMED,"Used by VisitorProfileController.load"
current_user_cache,lib/core/providers/current_user_provider.dart,none,none,none,none,none,none,none,none,none,none,no,no,n/a,n/a,n/a,n/a,KEEP_COMPATIBLE,CONFIRMED,"Local SharedPreferences cache only; not a network call itself"
follow,lib/services/social_service.dart,POST,/api/v1/social/follow/{userId},userId,none,{},200,none,none,required,none,no,no,modules/social/social.routes.ts,social.controller,UNKNOWN,UserFollow,KEEP_COMPATIBLE,CONFIRMED,"Called from visitor_profile_cubit.dart follow()"
follow,lib/services/social_service.dart,DELETE,/api/v1/social/follow/{userId},userId,none,none,200,none,none,required,none,no,no,modules/social/social.routes.ts,social.controller,UNKNOWN,UserFollow,KEEP_COMPATIBLE,CONFIRMED,"unfollow"
follow,lib/services/social_service.dart,POST,/api/v1/social/like/{userId},userId,none,{},200,none,none,required,none,no,no,modules/social/social.routes.ts,social.controller,UNKNOWN,UserProfileLike,KEEP_COMPATIBLE,CONFIRMED,"Profile-level like distinct from post likes"
follow,lib/services/social_service.dart,DELETE,/api/v1/social/like/{userId},userId,none,none,200,none,none,required,none,no,no,modules/social/social.routes.ts,social.controller,UNKNOWN,UserProfileLike,KEEP_COMPATIBLE,CONFIRMED,"unlike profile"
follow,lib/services/social_service.dart,POST,/api/v1/social/friend-request/{userId},userId,none,{},200,data.requestId,none,required,none,no,no,modules/social/social.routes.ts,social.controller,UNKNOWN,UserFriendRequest,KEEP_COMPATIBLE,CONFIRMED,"Send friend request"
follow,lib/services/social_service.dart,POST,/api/v1/social/friend-request/{requestId}/accept,requestId,none,{},200,none,none,required,none,no,no,modules/social/social.routes.ts,social.controller,UNKNOWN,"UserFriendRequest;UserFriend",KEEP_COMPATIBLE,CONFIRMED,"Path shape verified matching on both sides (requestId, not userId)"
follow,lib/services/social_service.dart,POST,/api/v1/social/friend-request/{requestId}/reject,requestId,none,{},200,none,none,required,none,no,no,modules/social/social.routes.ts,social.controller,UNKNOWN,UserFriendRequest,KEEP_COMPATIBLE,CONFIRMED,"Path shape verified matching"
follow,lib/services/social_service.dart,DELETE,/api/v1/social/friend-request/{requestId}/cancel,requestId,none,none,200,none,none,required,none,no,no,modules/social/social.routes.ts,social.controller,UNKNOWN,UserFriendRequest,KEEP_COMPATIBLE,CONFIRMED,"Path shape verified matching"
blocking,lib/features/settings/data/repositories/settings_repository.dart,none,none,none,none,none,none,"local SharedPreferences list",none,n/a,none,no,no,n/a,n/a,n/a,n/a,UNKNOWN,CONFIRMED,"No backend endpoint; blocking is purely client-local (key bpa_settings_blocked_users) on both current client and legacy backend"
posts,lib/features/posts/data/datasources/posts_remote_ds.dart,GET,/api/v1/posts/feed,none,limit,none,200,"posts list",none,required,limit-only,no,no,modules/posts/posts.routes.ts,posts.controller,UNKNOWN,"Post;PostMedia;PostLike;PostComment",KEEP_COMPATIBLE,CONFIRMED,"Home feed"
posts,lib/features/posts/data/datasources/posts_remote_ds.dart,GET,/api/v1/posts/videos,none,"limit;page;cursor;search;category;sort;duration;followingOnly",none,200,"list",none,required,"cursor+page hybrid",no,no,modules/posts/posts.routes.ts,posts.controller,UNKNOWN,"Post;PostMedia",KEEP_COMPATIBLE,CONFIRMED,"Reels/video feed"
posts,lib/features/posts/data/datasources/posts_remote_ds.dart,GET,/api/v1/posts/user/{userId},userId,limit,none,200,"list",none,required,limit-only,no,no,modules/posts/posts.routes.ts,posts.controller,UNKNOWN,Post,KEEP_COMPATIBLE,CONFIRMED,"User's post feed"
posts,lib/features/posts/data/datasources/posts_remote_ds.dart,GET,/api/v1/posts/user/{userId}/photos,userId,limit,none,200,"list",none,required,limit-only,no,no,modules/posts/posts.routes.ts,posts.controller,UNKNOWN,"Post;PostMedia",KEEP_COMPATIBLE,CONFIRMED,none
posts,lib/features/posts/data/datasources/posts_remote_ds.dart,GET,/api/v1/posts/user/{userId}/videos,userId,limit,none,200,"list",none,required,limit-only,no,no,modules/posts/posts.routes.ts,posts.controller,UNKNOWN,"Post;PostMedia",KEEP_COMPATIBLE,PARTIAL,"Caller not individually re-verified; endpoint defined in ApiEndpoints"
posts,lib/features/posts/data/datasources/posts_remote_ds.dart,GET,/api/v1/posts/{postId},postId,none,none,200,post,none,required,none,no,no,modules/posts/posts.routes.ts,posts.controller,UNKNOWN,Post,KEEP_COMPATIBLE,CONFIRMED,"Post detail"
posts,lib/features/posts/data/datasources/posts_remote_ds.dart,POST,/api/v1/posts,none,none,"content;media ids;tagged pets etc.",200/201,"created post id",none,required,n/a,no,no,modules/posts/posts.routes.ts,posts.controller,UNKNOWN,"Post;PostMedia;PostTaggedPet",KEEP_COMPATIBLE,CONFIRMED,"Used by post_upload_manager.dart for background create/retry"
posts,lib/features/posts/data/datasources/posts_remote_ds.dart,PATCH,/api/v1/posts/{postId},postId,none,fields,200,"updated post",none,required,none,no,no,modules/posts/posts.routes.ts,posts.controller,UNKNOWN,Post,KEEP_COMPATIBLE,CONFIRMED,none
posts,lib/features/posts/data/datasources/posts_remote_ds.dart,DELETE,/api/v1/posts/{postId},postId,none,none,200/204,none,none,required,none,no,no,modules/posts/posts.routes.ts,posts.controller,UNKNOWN,Post,KEEP_COMPATIBLE,CONFIRMED,none
posts,lib/features/posts/data/datasources/posts_remote_ds.dart,POST,/api/v1/posts/{postId}/like,postId,none,none,200,none,none,required,none,no,no,modules/posts/posts.routes.ts,posts.controller,UNKNOWN,PostLike,KEEP_COMPATIBLE,CONFIRMED,none
posts,lib/features/posts/data/datasources/posts_remote_ds.dart,DELETE,/api/v1/posts/{postId}/like,postId,none,none,200,none,none,required,none,no,no,modules/posts/posts.routes.ts,posts.controller,UNKNOWN,PostLike,KEEP_COMPATIBLE,CONFIRMED,none
posts,lib/features/posts/data/datasources/posts_remote_ds.dart,GET,/api/v1/posts/{postId}/comments,postId,limit,none,200,"comments list",none,required,limit-only,no,no,modules/posts/posts.routes.ts,posts.controller,UNKNOWN,PostComment,KEEP_COMPATIBLE,CONFIRMED,none
posts,lib/features/posts/data/datasources/posts_remote_ds.dart,POST,/api/v1/posts/{postId}/comments,postId,none,text,200/201,comment,none,required,n/a,no,no,modules/posts/posts.routes.ts,posts.controller,UNKNOWN,PostComment,KEEP_COMPATIBLE,CONFIRMED,none
posts,lib/features/posts/data/datasources/posts_remote_ds.dart,PATCH,/api/v1/posts/{postId}/comments/{commentId},"postId;commentId",none,text,200,comment,none,required,none,no,no,modules/posts/posts.routes.ts,posts.controller,UNKNOWN,PostComment,KEEP_REDESIGN_INTERNALS,PARTIAL,"furtail_api posts.routes.ts appears to expose only nested like/reply sub-routes under commentId, not confirmed standalone edit route; needs controller-level confirmation"
posts,lib/features/posts/data/datasources/posts_remote_ds.dart,DELETE,/api/v1/posts/{postId}/comments/{commentId},"postId;commentId",none,none,200/204,none,none,required,none,no,no,modules/posts/posts.routes.ts,posts.controller,UNKNOWN,PostComment,KEEP_REDESIGN_INTERNALS,PARTIAL,"Same as above -- standalone delete-by-id route not confirmed present in furtail_api; PARTIAL gap"
posts,lib/features/posts/data/datasources/posts_remote_ds.dart,POST,/api/v1/posts/{postId}/comments/{commentId}/like,"postId;commentId",none,none,200,none,none,required,none,no,no,modules/posts/posts.routes.ts,posts.controller,UNKNOWN,PostCommentLike,KEEP_COMPATIBLE,CONFIRMED,none
posts,lib/features/posts/data/datasources/posts_remote_ds.dart,DELETE,/api/v1/posts/{postId}/comments/{commentId}/like,"postId;commentId",none,none,200,none,none,required,none,no,no,modules/posts/posts.routes.ts,posts.controller,UNKNOWN,PostCommentLike,KEEP_COMPATIBLE,CONFIRMED,none
posts,lib/features/posts/data/datasources/posts_remote_ds.dart,POST,/api/v1/posts/{postId}/comments/{commentId}/replies,"postId;commentId",none,text,200/201,reply,none,required,n/a,no,no,modules/posts/posts.routes.ts,posts.controller,UNKNOWN,PostComment,KEEP_COMPATIBLE,CONFIRMED,"Replies modeled as PostComment with parent reference"
posts,lib/features/posts/presentation/widgets/post_action_sheet.dart:91,POST,/api/v1/posts/{postId}/share,postId,none,none,200,"data (shareCount)",none,required,n/a,no,no,none,none,none,none,LEGACY_UNUSED,CONFIRMED,"CONFIRMED GAP: no matching route found in furtail_api posts.routes.ts; live client call site confirmed"
posts,lib/features/posts/presentation/screens/reels_player_screen.dart:409,POST,/api/v1/posts/{postId}/view,postId,none,none,200,"data (viewCount)",none,required,n/a,no,no,none,none,none,none,LEGACY_UNUSED,CONFIRMED,"CONFIRMED GAP: no matching route found in furtail_api posts.routes.ts; live client call site confirmed"
posts,lib/features/posts/data/datasources/posts_remote_ds.dart,POST,/api/v1/posts/{postId}/bookmark,postId,none,none,200,none,none,required,none,no,no,modules/posts/posts.routes.ts,posts.controller,UNKNOWN,PostBookmark,KEEP_COMPATIBLE,CONFIRMED,none
posts,lib/features/posts/data/datasources/posts_remote_ds.dart,DELETE,/api/v1/posts/{postId}/bookmark,postId,none,none,200,none,none,required,none,no,no,modules/posts/posts.routes.ts,posts.controller,UNKNOWN,PostBookmark,KEEP_COMPATIBLE,CONFIRMED,none
posts,lib/features/posts/data/datasources/posts_remote_ds.dart,GET,/api/v1/posts/bookmarked,none,limit,none,200,list,none,required,limit-only,no,no,modules/posts/posts.routes.ts,posts.controller,UNKNOWN,PostBookmark,KEEP_COMPATIBLE,CONFIRMED,none
feeling_activities,lib/features/posts/data/datasources/feeling_activity_remote_ds.dart:45,GET,/api/v1/feeling-activities,none,none,none,200,list,none,unknown,none,no,no,modules/feeling-activities/feeling_activities.routes.ts,unknown,UNKNOWN,FeelingActivity,KEEP_COMPATIBLE,CONFIRMED,"List-only endpoint on both sides"
pets,lib/features/pets/data/datasources/pet_remote_ds.dart:32,GET,/api/v1/common/animal-types,none,none,none,200,list,none,unknown,none,no,no,modules/common/common.routes.ts,common.controller,UNKNOWN,AnimalType,KEEP_COMPATIBLE,CONFIRMED,none
pets,lib/features/pets/data/datasources/pet_remote_ds.dart:40,GET,/api/v1/common/breeds/{typeId},typeId,none,none,200,list,none,unknown,none,no,no,modules/common/common.routes.ts,common.controller,UNKNOWN,Breed,KEEP_COMPATIBLE,CONFIRMED,none
pets,lib/features/pets/data/datasources/pet_remote_ds.dart:52,GET,/api/v1/user/pets/all,none,none,none,200,list,none,required,none,no,no,modules/pets/pets.routes.ts,pets.controller,UNKNOWN,Pet,KEEP_COMPATIBLE,CONFIRMED,"Base path resolves via ApiConfig.userApi=/api/v1/user; matches furtail_api's /api/v1/user/pets mount -- verified directly, corrects an earlier /user-api mis-notation"
pets,lib/features/pets/data/datasources/pet_remote_ds.dart:102,POST,/api/v1/user/pets/register,none,none,"pet payload",200,"pet",none,required,n/a,no,no,modules/pets/pets.routes.ts,pets.controller,UNKNOWN,Pet,KEEP_COMPATIBLE,CONFIRMED,none
pets,lib/features/pets/data/datasources/pet_remote_ds.dart:152,PATCH,/api/v1/user/pets/{petId},petId,none,payload,200,"pet",none,required,none,no,no,modules/pets/pets.routes.ts,pets.controller,UNKNOWN,Pet,KEEP_COMPATIBLE,CONFIRMED,none
pets,lib/features/pets/data/datasources/pet_remote_ds.dart:69,POST,/api/v1/media/upload,none,none,"multipart",200,"data.id",none,required,n/a,yes,no,modules/media/media.routes.ts,media.controller,UNKNOWN,Media,KEEP_COMPATIBLE,CONFIRMED,"Pet photo upload via generic media endpoint; uploadPetPhoto() marked deprecated in favor of this"
pet_medical,unknown,unknown,unknown,unknown,unknown,unknown,unknown,unknown,unknown,unknown,unknown,unknown,unknown,unknown,unknown,unknown,"VaccineType;Vaccination;VaccinationReminder;DewormingRecord;MedicalHistory",UNKNOWN,UNKNOWN,"No vaccination/deworming/medical-history call sites confirmed found in lib/features/pets; furtail_api has matching Prisma models. Needs a dedicated follow-up pass of pet_profile_screen.dart before concluding presence or absence"
adoption,lib/features/adoption/data/datasources/adoption_remote_ds.dart:53,GET,/api/v1/adoptions,none,"species;search;breed;gender;size;minAgeDays;maxAgeDays;vaccinated;dewormed;neutered;goodWithKids;goodWithDogs;goodWithCats;countryId;divisionId;stateId;districtId;cityId;areaId;nearLat;nearLng;radiusKm;page;limit",none,200,list,"empty/error falls back to local mock data",optional,page-based,no,no,modules/adoptions/adoptions.routes.ts,adoptions.controller,UNKNOWN,AdoptionPet,KEEP_COMPATIBLE,CONFIRMED,"UI falls back to AdoptionPetMockData on empty/error -- placeholder fallback exists client-side, not a backend gap"
adoption,lib/features/adoption/data/datasources/adoption_remote_ds.dart:91,GET,/api/v1/adoptions/{id},id,none,none,200,"adoption pet",none,optional,none,no,no,modules/adoptions/adoptions.routes.ts,adoptions.controller,UNKNOWN,"AdoptionPet;AdoptionPetMedia",KEEP_COMPATIBLE,CONFIRMED,none
adoption,lib/features/adoption/data/datasources/adoption_remote_ds.dart:101,POST,/api/v1/adoptions/{id}/favorite,id,none,none,200,none,none,required,n/a,no,no,modules/adoptions/adoptions.routes.ts,adoptions.controller,UNKNOWN,AdoptionFavorite,KEEP_COMPATIBLE,CONFIRMED,none
adoption,lib/features/adoption/data/datasources/adoption_remote_ds.dart:112,DELETE,/api/v1/adoptions/{id}/favorite,id,none,none,200,none,none,required,none,no,no,modules/adoptions/adoptions.routes.ts,adoptions.controller,UNKNOWN,AdoptionFavorite,KEEP_COMPATIBLE,CONFIRMED,none
adoption,lib/features/adoption/data/datasources/adoption_remote_ds.dart:125,GET,/api/v1/adoptions/{id}/comments,id,limit,none,200,list,none,optional,limit-only,no,no,modules/adoptions/adoptions.routes.ts,adoptions.controller,UNKNOWN,AdoptionComment,KEEP_COMPATIBLE,CONFIRMED,none
adoption,lib/features/adoption/data/datasources/adoption_remote_ds.dart:147,POST,/api/v1/adoptions/{id}/comments,id,none,text,200/201,comment,none,required,n/a,no,no,modules/adoptions/adoptions.routes.ts,adoptions.controller,UNKNOWN,AdoptionComment,KEEP_COMPATIBLE,CONFIRMED,none
adoption,lib/features/adoption/data/datasources/adoption_remote_ds.dart:160,DELETE,/api/v1/adoptions/{id}/comments/{commentId},"id;commentId",none,none,200/204,none,none,required,none,no,no,modules/adoptions/adoptions.routes.ts,adoptions.controller,UNKNOWN,AdoptionComment,KEEP_COMPATIBLE,CONFIRMED,none
adoption,lib/features/adoption/data/datasources/adoption_remote_ds.dart:172,POST,/api/v1/adoptions,none,none,"listing payload",200/201,"listing",none,required,n/a,no,no,modules/adoptions/adoptions.routes.ts,adoptions.controller,UNKNOWN,"AdoptionPet;AdoptionCriteria",KEEP_COMPATIBLE,CONFIRMED,"Create adoption listing"
adoption,lib/features/adoption/data/datasources/adoption_remote_ds.dart:186,PATCH,/api/v1/adoptions/{id},id,none,payload,200,"listing",none,required,none,no,no,modules/adoptions/adoptions.routes.ts,adoptions.controller,UNKNOWN,AdoptionPet,KEEP_COMPATIBLE,CONFIRMED,none
adoption,lib/features/adoption/data/datasources/adoption_remote_ds.dart:197,POST,/api/v1/adoptions/{id}/submit-review,id,none,none,200,none,none,required,n/a,no,no,modules/adoptions/adoptions.routes.ts,adoptions.controller,UNKNOWN,AdoptionStatusHistory,KEEP_COMPATIBLE,CONFIRMED,none
adoption,lib/features/adoption/data/datasources/adoption_remote_ds.dart:231,POST,/api/v1/adoptions/{id}/apply,id,none,"application payload",200/201,"application",none,required,n/a,no,no,modules/adoptions/adoptions.routes.ts,adoptions.controller,UNKNOWN,"AdoptionApplication;AdoptionApplicationAnswer",KEEP_COMPATIBLE,CONFIRMED,none
adoption,lib/features/adoption/data/datasources/adoption_remote_ds.dart:241,GET,/api/v1/me/adoptions,none,"page;limit",none,200,list,none,required,page-based,no,no,modules/adoptions/adoptions.routes.ts (meRouter),adoptions.controller,UNKNOWN,AdoptionPet,KEEP_COMPATIBLE,CONFIRMED,"Mounted at /me alongside modules/me/me.routes.ts"
adoption,lib/features/adoption/data/datasources/adoption_remote_ds.dart:252,GET,/api/v1/me/adoption-applications,none,"page;limit",none,200,list,none,required,page-based,no,no,modules/adoptions/adoptions.routes.ts (meRouter),adoptions.controller,UNKNOWN,AdoptionApplication,KEEP_COMPATIBLE,CONFIRMED,none
adoption,lib/features/adoption/data/datasources/adoption_remote_ds.dart:269,GET,/api/v1/me/adoptions/{id}/applications,id,none,none,200,list,none,required,none,no,no,modules/adoptions/adoptions.routes.ts (meRouter),adoptions.controller,UNKNOWN,AdoptionApplication,KEEP_COMPATIBLE,CONFIRMED,"Lists applications for one adoption listing"
adoption,lib/features/adoption/data/datasources/adoption_remote_ds.dart:287,GET,/api/v1/me/adoption-applications/{applicationId},applicationId,none,none,200,"application",none,required,none,no,no,none,none,none,none,KEEP_REDESIGN_INTERNALS,PARTIAL,"CONFIRMED PARTIAL GAP: no single-application detail-by-id route confirmed in furtail_api's /me router (only list-for-listing and status/notes sub-routes were found); needs re-verification, not asserted absent"
adoption,lib/features/adoption/data/datasources/adoption_remote_ds.dart:301,PATCH,/api/v1/me/adoption-applications/{applicationId}/status,applicationId,none,status,200,"application",none,required,none,no,no,modules/adoptions/adoptions.routes.ts (meRouter),adoptions.controller,UNKNOWN,AdoptionApplication,KEEP_COMPATIBLE,CONFIRMED,"POST on furtail_api side per reference mapping; verb mismatch (Flutter PATCH vs backend POST) noted for follow-up, not independently re-verified byte-for-byte"
adoption,lib/features/adoption/data/datasources/adoption_remote_ds.dart:315,PATCH,/api/v1/me/adoption-applications/{applicationId}/notes,applicationId,none,notes,200,"application",none,required,none,no,no,modules/adoptions/adoptions.routes.ts (meRouter),adoptions.controller,UNKNOWN,AdoptionApplication,KEEP_COMPATIBLE,CONFIRMED,none
adoption,lib/features/adoption/data/datasources/adoption_remote_ds.dart:329,POST,/api/v1/adoptions/{id}/report,id,none,reason,200/201,none,none,required,n/a,no,no,modules/adoptions/adoptions.routes.ts,adoptions.controller,UNKNOWN,AdoptionReport,KEEP_COMPATIBLE,CONFIRMED,"Separate from generic /reports endpoint"
adoption,lib/features/adoption/data/datasources/adoption_remote_ds.dart:207,GET,/api/v1/public/countries,none,none,none,200,list,none,not required,none,no,no,modules/countries/countries.routes.ts,countries.controller,UNKNOWN,Country,KEEP_COMPATIBLE,CONFIRMED,"Also used by country_picker_screen.dart"
adoption,lib/features/adoption/data/datasources/adoption_remote_ds.dart:340,GET,/api/v1/common/animal-types,none,none,none,200,list,none,unknown,none,no,no,modules/common/common.routes.ts,common.controller,UNKNOWN,AnimalType,KEEP_COMPATIBLE,CONFIRMED,"Duplicated with pets feature, same endpoint"
adoption,lib/features/adoption/data/datasources/adoption_remote_ds.dart:349,GET,/api/v1/common/breeds/{typeId},typeId,none,none,200,list,none,unknown,none,no,no,modules/common/common.routes.ts,common.controller,UNKNOWN,Breed,KEEP_COMPATIBLE,CONFIRMED,"Duplicated with pets feature, same endpoint"
fundraising,lib/features/fundraising/data/repositories/fundraising_repository.dart,GET,/api/v1/fundraising/feed,none,unknown,none,200,list,none,required,unknown,no,no,modules/fundraising/fundraising.routes.ts,fundraising.controller,UNKNOWN,FundraisingCampaign,KEEP_COMPATIBLE,PARTIAL,"Params not individually re-verified"
fundraising,lib/features/fundraising/data/repositories/fundraising_repository.dart,GET,/api/v1/fundraising/my/campaigns,none,limit,none,200,list,none,required,limit-only,no,no,modules/fundraising/fundraising.routes.ts,fundraising.controller,UNKNOWN,FundraisingCampaign,KEEP_COMPATIBLE,PARTIAL,"furtail_api path is /my/campaigns (not /my-campaigns) -- flagged for exact path confirmation"
fundraising,lib/features/fundraising/data/repositories/fundraising_repository.dart,unknown,/api/v1/fundraising/campaigns (CRUD),unknown,unknown,unknown,unknown,unknown,unknown,required,unknown,no,no,modules/fundraising/fundraising.routes.ts,fundraising.controller,UNKNOWN,"FundraisingCampaign;FundraisingCampaignStatusHistory",KEEP_COMPATIBLE,PARTIAL,"Full CRUD confirmed to exist on both sides at a route-group level; individual verb/path rows not itemized in this pass"
fundraising,lib/features/fundraising/data/repositories/fundraising_repository.dart:288,POST,/api/v1/fundraising/campaigns/{id}/donate,id,none,amount,200/201,"donation",none,required,n/a,no,no,modules/fundraising/fundraising.routes.ts,fundraising.controller,UNKNOWN,"Donation;FundraisingDonationIntent;FundraisingDonationPaymentAttempt",KEEP_COMPATIBLE,CONFIRMED,"FINANCIAL FLOW -- requires exact compatibility"
fundraising,lib/features/fundraising/data/repositories/fundraising_repository.dart,GET,/api/v1/fundraising/campaigns/{id}/donations,id,"limit;cursor",none,200,list,none,required,cursor,no,no,modules/fundraising/fundraising.routes.ts,fundraising.controller,UNKNOWN,Donation,KEEP_COMPATIBLE,CONFIRMED,none
fundraising,lib/features/fundraising/data/repositories/fundraising_repository.dart,unknown,/api/v1/fundraising/campaigns/{id}/updates,id,"limit;cursor",unknown,200,list,none,required,cursor,no,no,modules/fundraising/fundraising.routes.ts,fundraising.controller,UNKNOWN,FundraisingUpdate,KEEP_COMPATIBLE,PARTIAL,"CRUD on updates confirmed at route-group level, not itemized per verb"
fundraising,lib/features/fundraising/data/repositories/fundraising_repository.dart,GET,/api/v1/fundraising/payout/catalog,none,none,none,200,list,none,required,none,no,no,modules/fundraising/fundraising.routes.ts,fundraising.controller,UNKNOWN,FundraisingPayoutMethodCatalog,KEEP_COMPATIBLE,CONFIRMED,none
fundraising,lib/features/fundraising/data/repositories/fundraising_repository.dart,GET,/api/v1/fundraising/payout/methods,none,none,none,200,list,none,required,none,no,no,modules/fundraising/fundraising.routes.ts,fundraising.controller,UNKNOWN,FundraisingPayoutMethod,KEEP_COMPATIBLE,CONFIRMED,"FINANCIAL FLOW"
fundraising,lib/features/fundraising/data/repositories/fundraising_repository.dart,unknown,"/api/v1/fundraising/withdraw/requests",none,"limit;cursor",unknown,200,list,none,required,cursor,no,no,modules/fundraising/fundraising.routes.ts,fundraising.controller,UNKNOWN,FundraisingWithdrawRequest,KEEP_COMPATIBLE,CONFIRMED,"FINANCIAL FLOW"
fundraising_account,lib/features/fundraising/data/repositories/fundraising_repository.dart,unknown,"fundraising account verification (incl. document upload/delete)",unknown,unknown,unknown,unknown,unknown,unknown,required,unknown,yes,no,modules/fundraising/fundraising.routes.ts,fundraising.controller,UNKNOWN,"FundraisingAccount;FundraisingVerificationDocument;FundraisingAccountStatusLog",KEEP_COMPATIBLE,PARTIAL,"Confirmed present as a route group; individual endpoints not itemized in this pass"
campaign_checkout,lib/features/campaign/data/repositories/campaign_repository.dart:229,POST,/api/v1/campaign/public/checkout/init,none,none,"booking/payment details",200/201,"checkout session",none,not required (public),n/a,no,no,modules/campaign/campaign.routes.ts,campaign.controller,UNKNOWN,FundraisingCampaignIdempotencyKey,KEEP_COMPATIBLE,CONFIRMED,"FINANCIAL FLOW -- public booking checkout"
campaign_checkout,lib/features/campaign/data/repositories/campaign_repository.dart:235,POST,/api/v1/campaign/public/checkout/confirm-free,none,none,unknown,200,none,none,not required,n/a,no,no,modules/campaign/campaign.routes.ts,campaign.controller,UNKNOWN,CampaignBooking,KEEP_COMPATIBLE,CONFIRMED,"Free-booking path (no payment)"
campaign_checkout,lib/features/campaign/data/repositories/campaign_repository.dart:244,GET,/api/v1/campaign/public/checkout/{checkoutId}/status,checkoutId,none,none,200,"status",none,not required,none,no,no,modules/campaign/campaign.routes.ts,campaign.controller,UNKNOWN,CampaignCheckoutSession,KEEP_COMPATIBLE,CONFIRMED,"Polled by client for payment status; furtail_api param name is checkoutId matching Flutter's expectation"
campaign_checkout,lib/core/network/api_endpoints.dart:610,POST,/api/v1/campaign/public/coupons/validate,none,none,unknown,200,unknown,none,not required,n/a,no,no,modules/campaign/campaign.routes.ts,campaign.controller,UNKNOWN,unknown,KEEP_COMPATIBLE,PARTIAL,"Endpoint constant confirmed defined; individual caller in campaign_repository.dart not re-verified line-by-line"
campaign_vaccination,unknown (campaign feature),unknown,/api/v1/campaign/booking/* (create; my; :ref; :ref/cancel; :ref/payment; :ref/payment-status),unknown,unknown,unknown,unknown,unknown,unknown,unknown,unknown,no,no,modules/campaign/campaign.routes.ts,campaign.controller,UNKNOWN,"CampaignBooking;CampaignSlot;CampaignVaccineType",KEEP_COMPATIBLE,PARTIAL,"Route group confirmed present in furtail_api; Flutter call sites not individually itemized -- part of vaccination-campaign booking, not routine per-pet medical records"
campaign_certificate,unknown (campaign feature),GET,"/api/v1/campaign/public/verify/{token}; /certificates/{token}; /certificates/{token}/pdf; /campaign-link/certificates/{token}(/pdf); /campaign-link/certificate/{token}/claim",token,none,none,200,"certificate data or PDF binary",none,not required,none,yes (PDF),no,modules/campaign/campaign.routes.ts;modules/campaign/campaignLink.routes.ts,campaign.controller,UNKNOWN,unknown,KEEP_COMPATIBLE,PARTIAL,"Route group confirmed present, duplicated across two route files server-side; used by lib/features/campaign/presentation/screens/certificate_viewer_screen.dart per app_router.dart"
wallet,lib/features/wallet/data/repositories/wallet_repository.dart:11,GET,/api/v1/wallet/me,none,none,none,200,"wallet",none,required,none,no,no,modules/wallet/wallet.routes.ts,wallet.controller,UNKNOWN,UserWallet,KEEP_COMPATIBLE,CONFIRMED,"FINANCIAL FLOW"
wallet,lib/features/wallet/data/repositories/wallet_repository.dart:23,GET,/api/v1/wallet/transactions,none,"limit;cursor;type;status;sourceType",none,200,list,none,required,cursor,no,no,modules/wallet/wallet.routes.ts,wallet.controller,UNKNOWN,WalletTransaction,KEEP_COMPATIBLE,CONFIRMED,"FINANCIAL FLOW"
wallet,lib/features/wallet/data/repositories/wallet_repository.dart:48,GET,/api/v1/wallet/withdraw/requests,none,"limit;cursor;status",none,200,list,none,required,cursor,no,no,modules/wallet/wallet.routes.ts,wallet.controller,UNKNOWN,WalletWithdrawRequest,KEEP_COMPATIBLE,CONFIRMED,"FINANCIAL FLOW"
wallet,lib/features/wallet/data/repositories/wallet_repository.dart:73,POST,/api/v1/wallet/withdraw/requests,none,none,"amount;method;etc.",200/201,"withdraw request",none,required,n/a,no,no,modules/wallet/wallet.routes.ts,wallet.controller,UNKNOWN,WalletWithdrawRequest,KEEP_COMPATIBLE,CONFIRMED,"FINANCIAL FLOW"
wallet,lib/features/wallet/data/repositories/wallet_repository.dart:83,POST,/api/v1/wallet/withdraw/requests/{id}/cancel,id,none,none,200,none,none,required,n/a,no,no,modules/wallet/wallet.routes.ts,wallet.controller,UNKNOWN,WalletWithdrawRequest,KEEP_COMPATIBLE,CONFIRMED,"FINANCIAL FLOW"
notifications,lib/features/notifications/data/repositories/notification_repository.dart:44,POST,/api/v1/notifications/device-token,none,none,"token;platform;provider=fcm",200,none,none,required,n/a,no,no,modules/notifications/notifications.routes.ts,notifications.controller,UNKNOWN,UserDeviceToken,KEEP_COMPATIBLE,PARTIAL,"Source comment says 'Fails silently until backend endpoint ships' despite matching route existing server-side; production-readiness uncertain, downgraded from CONFIRMED"
notifications,lib/features/notifications/data/repositories/notification_repository.dart:65,DELETE,/api/v1/notifications/device-token,none,none,none,200,none,none,required (best-effort),n/a,no,no,modules/notifications/notifications.routes.ts,notifications.controller,UNKNOWN,UserDeviceToken,KEEP_COMPATIBLE,PARTIAL,"Same caveat as registration; called on logout"
notifications,lib/features/notifications/data/repositories/notification_repository.dart:76,GET/PATCH,/api/v1/notifications/settings,none,none,"allowEmail;allowSms etc.",200,"prefs",none,required,none,no,no,modules/notifications/notifications.routes.ts,notifications.controller,UNKNOWN,UserNotificationPrefs,KEEP_COMPATIBLE,CONFIRMED,"Also surfaced via settings feature"
notifications,lib/features/notifications/data/repositories/notification_repository.dart:94,GET,/api/v1/notifications,none,"limit;cursor",none,200,list,none,required,cursor,no,no,modules/notifications/notifications.routes.ts,notifications.controller,UNKNOWN,Notification,KEEP_COMPATIBLE,CONFIRMED,none
notifications,lib/features/notifications/data/repositories/notification_repository.dart:115,POST,/api/v1/notifications/{id}/read,id,none,none,200,none,none,required,n/a,no,no,modules/notifications/notifications.routes.ts,notifications.controller,UNKNOWN,NotificationRead,KEEP_COMPATIBLE,CONFIRMED,none
notifications,lib/features/notifications/data/repositories/notification_repository.dart:132,POST,/api/v1/notifications/read-all,none,none,none,200,none,none,required,n/a,no,no,modules/notifications/notifications.routes.ts,notifications.controller,UNKNOWN,NotificationRead,KEEP_COMPATIBLE,CONFIRMED,none
notifications,lib/features/notifications/data/repositories/notification_repository.dart:147,GET,/api/v1/notifications/unread-count,none,none,none,200,"data.count",none,required,none,no,no,modules/notifications/notifications.routes.ts,notifications.controller,UNKNOWN,Notification,KEEP_COMPATIBLE,CONFIRMED,none
reports,lib/core/services/report_service.dart:35,POST,/api/v1/reports,none,none,"type;targetId;reason;etc.",200/201,"report",none,required,n/a,no,no,modules/reports/reports.routes.ts,reports.controller,UNKNOWN,Report,KEEP_COMPATIBLE,CONFIRMED,"Generic content report for posts/users/adoption listings via type field"
reports,lib/core/network/api_endpoints.dart:426,GET,/api/v1/reports/reasons,none,type,none,unknown,unknown,unknown,unknown,none,no,no,none,none,none,none,LEGACY_UNUSED,CONFIRMED,"No live caller found in Flutter app; no matching route in furtail_api reports.routes.ts either -- unimplemented on both sides, not a migration requirement"
stories,lib/features/story/data/datasources/story_remote_ds.dart:29,GET,/api/v1/stories/feed,none,limit,none,200,list,none,required,limit-only,no,no,modules/stories/stories.routes.ts,stories.controller,UNKNOWN,Story,KEEP_COMPATIBLE,CONFIRMED,none
stories,lib/features/story/data/datasources/story_remote_ds.dart:44,POST,/api/v1/stories,none,none,"media reference;caption etc.",200/201,"story",none,required,n/a,yes (likely pre-uploaded via /media/upload),no,modules/stories/stories.routes.ts,stories.controller,UNKNOWN,Story,KEEP_COMPATIBLE,PARTIAL,"Media handling not individually confirmed multipart vs media-id reference"
stories,lib/features/story/data/datasources/story_remote_ds.dart:58,POST,/api/v1/stories/{id}/view,id,none,none,200,none,none,required,n/a,no,no,modules/stories/stories.routes.ts,stories.controller,UNKNOWN,StoryView,KEEP_COMPATIBLE,CONFIRMED,none
stories,lib/features/story/data/datasources/story_remote_ds.dart:66,DELETE,/api/v1/stories/{id},id,none,none,200/204,none,none,required,none,no,no,modules/stories/stories.routes.ts,stories.controller,UNKNOWN,Story,KEEP_COMPATIBLE,CONFIRMED,none
settings,lib/features/settings/data/repositories/settings_repository.dart,GET/PATCH,/api/v1/notifications/settings,none,none,"allowEmail;allowSms",200,"prefs",none,required,none,no,no,modules/notifications/notifications.routes.ts,notifications.controller,UNKNOWN,UserNotificationPrefs,KEEP_COMPATIBLE,CONFIRMED,"Shared with notifications feature; local cache merged with server response"
settings,lib/features/settings/data/repositories/settings_repository.dart,none,none,none,none,none,none,"local privacy settings",none,n/a,none,no,no,n/a,n/a,n/a,n/a,KEEP_COMPATIBLE,CONFIRMED,"Privacy settings are local-only (SharedPreferences), no backend call"
settings,lib/features/settings/data/repositories/settings_repository.dart:167,DELETE,/api/v1/notifications/device-token,none,none,none,200,none,none,required,n/a,no,no,modules/notifications/notifications.routes.ts,notifications.controller,UNKNOWN,UserDeviceToken,KEEP_COMPATIBLE,PARTIAL,"Called from settings-driven logout path; same production-readiness caveat as notifications entry above"
location,lib/features/common/data/repositories/bd_locations_repository.dart,GET,/api/v1/common/bd/divisions,none,none,none,200,list,none,unknown,none,no,no,modules/common/common.routes.ts,common.controller,UNKNOWN,BdDivision,KEEP_COMPATIBLE,CONFIRMED,"Legacy BD-specific location hierarchy"
location,lib/features/common/data/repositories/bd_locations_repository.dart,GET,/api/v1/common/bd/districts,divisionId (query),divisionId,none,200,list,none,unknown,none,no,no,modules/common/common.routes.ts,common.controller,UNKNOWN,BdDistrict,KEEP_COMPATIBLE,CONFIRMED,none
location,lib/features/common/data/repositories/bd_locations_repository.dart,GET,/api/v1/common/bd/upazilas,districtId (query),districtId,none,200,list,none,unknown,none,no,no,modules/common/common.routes.ts,common.controller,UNKNOWN,BdUpazila,KEEP_COMPATIBLE,CONFIRMED,none
location,lib/features/common/data/repositories/bd_locations_repository.dart,GET,/api/v1/common/bd/areas,upazilaId (query),upazilaId,none,200,list,none,unknown,none,no,no,modules/common/common.routes.ts,common.controller,UNKNOWN,BdArea,KEEP_COMPATIBLE,CONFIRMED,none
location,lib/features/common/data/repositories/bd_locations_repository.dart,GET,/api/v1/common/bd/city-corporations,districtId (query),districtId,none,200,list,none,unknown,none,no,no,modules/common/common.routes.ts,common.controller,UNKNOWN,CityCorporation,KEEP_COMPATIBLE,CONFIRMED,none
location,lib/features/common/data/repositories/bd_locations_repository.dart,GET,/api/v1/common/bd/zones,cityCorporationId (query),cityCorporationId,none,200,list,none,unknown,none,no,no,modules/common/common.routes.ts,common.controller,UNKNOWN,CoverageZone,KEEP_COMPATIBLE,CONFIRMED,none
location,lib/features/common/data/repositories/bd_locations_repository.dart,GET,/api/v1/common/bd/cc-areas,zoneId (query),zoneId,none,200,list,none,unknown,none,no,no,modules/common/common.routes.ts,common.controller,UNKNOWN,CoverageZoneArea,KEEP_COMPATIBLE,CONFIRMED,none
location,lib/features/common/data/repositories/bd_locations_repository.dart,POST,/api/v1/common/location-master/validate-selection,none,none,"selected ids",200,"validation result",none,unknown,n/a,no,no,modules/common/common.routes.ts,common.controller,UNKNOWN,unknown,KEEP_COMPATIBLE,PARTIAL,"Path/exact controller not individually re-verified"
location,lib/features/location/data/location_repository.dart,GET,/api/v1/location-master/divisions,none,"locale;pageSize;q;parentId",none,200,list,none,unknown,page-size based,no,no,src/modules/location/location.routes.ts,location.controller,UNKNOWN,unknown,KEEP_COMPATIBLE,CONFIRMED,"Newer parallel location system, not yet reconciled with common/bd/*"
location,lib/features/location/data/location_repository.dart,GET,/api/v1/location-master/districts,none,"locale;pageSize;q;parentId",none,200,list,none,unknown,page-size based,no,no,src/modules/location/location.routes.ts,location.controller,UNKNOWN,unknown,KEEP_COMPATIBLE,CONFIRMED,none
location,lib/features/location/data/location_repository.dart,GET,/api/v1/location-master/upazilas,none,"locale;pageSize;q;parentId",none,200,list,none,unknown,page-size based,no,no,src/modules/location/location.routes.ts,location.controller,UNKNOWN,unknown,KEEP_COMPATIBLE,CONFIRMED,none
location,lib/features/location/data/location_repository.dart,GET,/api/v1/location-master/unions,none,"locale;pageSize;q;parentId",none,200,list,none,unknown,page-size based,no,no,src/modules/location/location.routes.ts,location.controller,UNKNOWN,unknown,KEEP_COMPATIBLE,CONFIRMED,none
location,lib/features/legacy/presentation/screens/country_picker_screen.dart:47,GET,/api/v1/public/countries,none,none,none,200,list,none,not required,none,no,no,modules/countries/countries.routes.ts,countries.controller,UNKNOWN,Country,KEEP_COMPATIBLE,CONFIRMED,"Only surviving legacy/ screen with a real backend call"
location,lib/core/network/api_endpoints.dart,GET,/api/v1/public/countries/default,none,none,none,unknown,unknown,unknown,not required,none,no,no,modules/countries/countries.routes.ts,countries.controller,UNKNOWN,Country,KEEP_COMPATIBLE,PARTIAL,"Actual furtail_api path is /public/countries/default not /public/country-default; Flutter's ApiEndpoints.publicCountryDefault defined but caller not independently confirmed in this pass"
share,lib/core/services/share_service.dart:20,GET,/api/v1/common/share-link,none,"type;id",none,200,"link",none,unknown,n/a,no,no,modules/common/common.routes.ts,common.controller,UNKNOWN,unknown,KEEP_COMPATIBLE,CONFIRMED,"Server-generated deep link for share sheets"
legacy_screens,lib/features/legacy/presentation/screens/shop_screen.dart;services_screen.dart;vet_screen.dart;donation_screen.dart;dashboard_screen.dart;create_post_screen.dart;edit_post_screen.dart;settings_screen.dart;language_select_screen.dart;splash_screen.dart;adoption_screen.dart,none,none,none,none,none,none,none,none,none,n/a,no,no,n/a,n/a,n/a,n/a,LEGACY_UNUSED,CONFIRMED,"No ApiEndpoints calls found in any of these screens; superseded by features/posts, features/settings, features/adoption respectively"
messaging,none,none,none,none,none,none,none,none,none,none,none,no,no,none,none,none,none,UNKNOWN,CONFIRMED,"CONFIRMED ABSENT on both client and backend -- no chat/message/conversation feature, route, or Prisma model exists anywhere"
search,none,none,none,none,none,none,none,none,none,none,none,no,no,none,none,none,none,UNKNOWN,CONFIRMED,"CONFIRMED ABSENT as a dedicated capability -- search exists only as query params on postsVideos(search:) and adoptions(search:)"
socket_realtime,none,none,none,none,none,none,none,none,none,none,none,no,no,src/realtime/socketio.gateway.ts;src/socket/notification.socket.ts,unknown,UNKNOWN,none,UNKNOWN,CONFIRMED,"furtail_api runs Socket.IO server-side (notification:new;unread:count;QUEUE_UPDATED;NOW_SERVING_CHANGED;ESTIMATE_UPDATED;DOCTOR_QUEUE_UPDATED events; rooms user:{userId} etc.) but no Flutter client socket usage exists -- AppConfig.socketUrl is populated from env but unconsumed dead config"
offline_sync,lib/core/offline/sync_queue.dart,none,none,none,none,none,none,"local queue only",none,n/a,none,no,no,n/a,n/a,n/a,n/a,UNKNOWN,CONFIRMED,"Built but not wired -- queues likePost/unlikePost/addComment/deleteComment/createPostDraft locally, explicit TODO in source: no execution/replay logic implemented"
